YEAR,STATE,RATE,DEATHS,URL
2020,AL,237.5,14739,/nchs/pressroom/states/alabama/al.htm
2020,AK,139.8,915,/nchs/pressroom/states/alaska/ak.htm
2020,AZ,144.8,14196,/nchs/pressroom/states/arizona/az.htm
2020,AR,222.5,8621,/nchs/pressroom/states/arkansas/ar.htm
2020,CA,144,66538,/nchs/pressroom/states/california/ca.htm
2020,CO,128.1,8023,/nchs/pressroom/states/colorado/co.htm
2020,CT,138.4,7110,/nchs/pressroom/states/connecticut/ct.htm
2020,DE,159.6,2171,/nchs/pressroom/states/delaware/de.htm
2020,FL,143.1,49287,/nchs/pressroom/states/florida/fl.htm
2020,GA,183.7,21116,/nchs/pressroom/states/georgia/ga.htm
2020,HI,125,2623,/nchs/pressroom/states/hawaii/hi.htm
2020,ID,151.9,3191,/nchs/pressroom/states/idaho/id.htm
2020,IL,171.4,27460,/nchs/pressroom/states/illinois/il.htm
2020,IN,183.9,15169,/nchs/pressroom/states/indiana/in.htm
2020,IA,172.9,7499,/nchs/pressroom/states/iowa/ia.htm
2020,KS,167,6264,/nchs/pressroom/states/kansas/ks.htm
2020,KY,204.5,11345,/nchs/pressroom/states/kentucky/ky.htm
2020,LA,221.5,12255,/nchs/pressroom/states/louisiana/la.htm
2020,ME,146.2,3035,/nchs/pressroom/states/maine/me.htm
2020,MD,168.3,12624,/nchs/pressroom/states/maryland/md.htm
2020,MA,126.9,11781,/nchs/pressroom/states/massachusetts/ma.htm
2020,MI,205,27127,/nchs/pressroom/states/michigan/mi.htm
2020,MN,118.1,8562,/nchs/pressroom/states/minnesota/mn.htm
2020,MS,245.6,8809,/nchs/pressroom/states/mississippi/ms.htm
2020,MO,196.7,15934,/nchs/pressroom/states/missouri/mo.htm
2020,MT,162.7,2424,/nchs/pressroom/states/montana/mt.htm
2020,NE,143.8,3532,/nchs/pressroom/states/nebraska/ne.htm
2020,NV,201.3,7285,/nchs/pressroom/states/nevada/nv.htm
2020,NH,146.5,2814,/nchs/pressroom/states/newhampshire/nh.htm
2020,NJ,166.3,19744,/nchs/pressroom/states/newjersey/nj.htm
2020,NM,152.7,4219,/nchs/pressroom/states/newmexico/nm.htm
2020,NY,183.9,48546,/nchs/pressroom/states/newyork/ny.htm
2020,NC,156.2,20373,/nchs/pressroom/states/northcarolina/nc.htm
2020,ND,147.3,1449,/nchs/pressroom/states/northdakota/nd.htm
2020,OH,196.9,30547,/nchs/pressroom/states/ohio/oh.htm
2020,OK,244.1,11758,/nchs/pressroom/states/oklahoma/ok.htm
2020,OR,134,7371,/nchs/pressroom/states/oregon/or.htm
2020,PA,175.7,32936,/nchs/pressroom/states/pennsylvania/pa.htm
2020,RI,150.5,2319,/nchs/pressroom/states/rhodeisland/ri.htm
2020,SC,170.9,11385,/nchs/pressroom/states/southcarolina/sc.htm
2020,SD,155.2,1820,/nchs/pressroom/states/southdakota/sd.htm
2020,TN,212,17943,/nchs/pressroom/states/tennessee/tn.htm
2020,TX,173.9,50281,/nchs/pressroom/states/texas/tx.htm
2020,UT,155.6,4251,/nchs/pressroom/states/utah/ut.htm
2020,VT,167.1,1521,/nchs/pressroom/states/vermont/vt.htm
2020,VA,152,15678,/nchs/pressroom/states/virginia/va.htm
2020,WA,134.6,12084,/nchs/pressroom/states/washington/wa.htm
2020,WV,197.8,5123,/nchs/pressroom/states/westvirginia/wv.htm
2020,WI,162.2,12641,/nchs/pressroom/states/wisconsin/wi.htm
2020,WY,160.4,1174,/nchs/pressroom/states/wyoming/wy.htm
2019,AL,219.6,13448,/nchs/pressroom/states/alabama/al.htm
2019,AK,129.7,843,/nchs/pressroom/states/alaska/ak.htm
2019,AZ,134,12587,/nchs/pressroom/states/arizona/az.htm
2019,AR,226.5,8669,/nchs/pressroom/states/arkansas/ar.htm
2019,CA,136.9,62394,/nchs/pressroom/states/california/ca.htm
2019,CO,127.7,7762,/nchs/pressroom/states/colorado/co.htm
2019,CT,143.1,7354,/nchs/pressroom/states/connecticut/ct.htm
2019,DE,154.3,2053,/nchs/pressroom/states/delaware/de.htm
2019,FL,140.1,47144,/nchs/pressroom/states/florida/fl.htm
2019,GA,175.5,19543,/nchs/pressroom/states/georgia/ga.htm
2019,HI,120.3,2503,/nchs/pressroom/states/hawaii/hi.htm
2019,ID,150.7,3061,/nchs/pressroom/states/idaho/id.htm
2019,IL,162,25690,/nchs/pressroom/states/illinois/il.htm
2019,IN,178.8,14555,/nchs/pressroom/states/indiana/in.htm
2019,IA,172.9,7505,/nchs/pressroom/states/iowa/ia.htm
2019,KS,166,6140,/nchs/pressroom/states/kansas/ks.htm
2019,KY,196.4,10742,/nchs/pressroom/states/kentucky/ky.htm
2019,LA,207.8,11302,/nchs/pressroom/states/louisiana/la.htm
2019,ME,142.4,2940,/nchs/pressroom/states/maine/me.htm
2019,MD,159.3,11770,/nchs/pressroom/states/maryland/md.htm
2019,MA,127.2,11761,/nchs/pressroom/states/massachusetts/ma.htm
2019,MI,193.8,25547,/nchs/pressroom/states/michigan/mi.htm
2019,MN,116.7,8401,/nchs/pressroom/states/minnesota/mn.htm
2019,MS,226.7,7997,/nchs/pressroom/states/mississippi/ms.htm
2019,MO,187,15018,/nchs/pressroom/states/missouri/mo.htm
2019,MT,157.1,2290,/nchs/pressroom/states/montana/mt.htm
2019,NE,144.9,3540,/nchs/pressroom/states/nebraska/ne.htm
2019,NV,198.1,6864,/nchs/pressroom/states/nevada/nv.htm
2019,NH,143.4,2707,/nchs/pressroom/states/newhampshire/nh.htm
2019,NJ,158,18716,/nchs/pressroom/states/newjersey/nj.htm
2019,NM,158.2,4245,/nchs/pressroom/states/newmexico/nm.htm
2019,NY,166.6,43806,/nchs/pressroom/states/newyork/ny.htm
2019,NC,154.7,19617,/nchs/pressroom/states/northcarolina/nc.htm
2019,ND,147.7,1448,/nchs/pressroom/states/northdakota/nd.htm
2019,OH,188.8,29160,/nchs/pressroom/states/ohio/oh.htm
2019,OK,231.4,10960,/nchs/pressroom/states/oklahoma/ok.htm
2019,OR,131,7128,/nchs/pressroom/states/oregon/or.htm
2019,PA,172.9,32299,/nchs/pressroom/states/pennsylvania/pa.htm
2019,RI,159.3,2404,/nchs/pressroom/states/rhodeisland/ri.htm
2019,SC,164,10579,/nchs/pressroom/states/southcarolina/sc.htm
2019,SD,158.1,1840,/nchs/pressroom/states/southdakota/sd.htm
2019,TN,202.8,16814,/nchs/pressroom/states/tennessee/tn.htm
2019,TX,163.4,46139,/nchs/pressroom/states/texas/tx.htm
2019,UT,146.5,3882,/nchs/pressroom/states/utah/ut.htm
2019,VT,151.6,1368,/nchs/pressroom/states/vermont/vt.htm
2019,VA,149.1,15062,/nchs/pressroom/states/virginia/va.htm
2019,WA,134.8,11862,/nchs/pressroom/states/washington/wa.htm
2019,WV,197.4,5087,/nchs/pressroom/states/westvirginia/wv.htm
2019,WI,158.8,12241,/nchs/pressroom/states/wisconsin/wi.htm
2019,WY,150.4,1067,/nchs/pressroom/states/wyoming/wy.htm
2018,AL,224.7,13473,/nchs/pressroom/states/alabama/al.htm
2018,AK,129.7,815,/nchs/pressroom/states/alaska/ak.htm
2018,AZ,136.4,12455,/nchs/pressroom/states/arizona/az.htm
2018,AR,217.4,8171,/nchs/pressroom/states/arkansas/ar.htm
2018,CA,139.7,62547,/nchs/pressroom/states/california/ca.htm
2018,CO,124.3,7370,/nchs/pressroom/states/colorado/co.htm
2018,CT,142.1,7205,/nchs/pressroom/states/connecticut/ct.htm
2018,DE,159.1,2030,/nchs/pressroom/states/delaware/de.htm
2018,FL,143.1,47027,/nchs/pressroom/states/florida/fl.htm
2018,GA,175.8,18986,/nchs/pressroom/states/georgia/ga.htm
2018,HI,125.6,2570,/nchs/pressroom/states/hawaii/hi.htm
2018,ID,157.9,3122,/nchs/pressroom/states/idaho/id.htm
2018,IL,163.9,25755,/nchs/pressroom/states/illinois/il.htm
2018,IN,180.7,14532,/nchs/pressroom/states/indiana/in.htm
2018,IA,165.1,7185,/nchs/pressroom/states/iowa/ia.htm
2018,KS,158.9,5823,/nchs/pressroom/states/kansas/ks.htm
2018,KY,198.3,10697,/nchs/pressroom/states/kentucky/ky.htm
2018,LA,212.2,11340,/nchs/pressroom/states/louisiana/la.htm
2018,ME,147,2965,/nchs/pressroom/states/maine/me.htm
2018,MD,161.9,11683,/nchs/pressroom/states/maryland/md.htm
2018,MA,131.5,12036,/nchs/pressroom/states/massachusetts/ma.htm
2018,MI,195,25354,/nchs/pressroom/states/michigan/mi.htm
2018,MN,119,8408,/nchs/pressroom/states/minnesota/mn.htm
2018,MS,222.1,7758,/nchs/pressroom/states/mississippi/ms.htm
2018,MO,188.4,14893,/nchs/pressroom/states/missouri/mo.htm
2018,MT,163.2,2347,/nchs/pressroom/states/montana/mt.htm
2018,NE,145.7,3539,/nchs/pressroom/states/nebraska/ne.htm
2018,NV,190.7,6393,/nchs/pressroom/states/nevada/nv.htm
2018,NH,151,2786,/nchs/pressroom/states/newhampshire/nh.htm
2018,NJ,163,19047,/nchs/pressroom/states/newjersey/nj.htm
2018,NM,148.2,3935,/nchs/pressroom/states/newmexico/nm.htm
2018,NY,171.9,44499,/nchs/pressroom/states/newyork/ny.htm
2018,NC,155.5,19222,/nchs/pressroom/states/northcarolina/nc.htm
2018,ND,140,1361,/nchs/pressroom/states/northdakota/nd.htm
2018,OH,191.1,29220,/nchs/pressroom/states/ohio/oh.htm
2018,OK,228.5,10634,/nchs/pressroom/states/oklahoma/ok.htm
2018,OR,128.4,6820,/nchs/pressroom/states/oregon/or.htm
2018,PA,176.1,32768,/nchs/pressroom/states/pennsylvania/pa.htm
2018,RI,158.9,2411,/nchs/pressroom/states/rhodeisland/ri.htm
2018,SC,167,10464,/nchs/pressroom/states/southcarolina/sc.htm
2018,SD,156.3,1796,/nchs/pressroom/states/southdakota/sd.htm
2018,TN,202.4,16417,/nchs/pressroom/states/tennessee/tn.htm
2018,TX,170,46763,/nchs/pressroom/states/texas/tx.htm
2018,UT,146.4,3749,/nchs/pressroom/states/utah/ut.htm
2018,VT,150.5,1338,/nchs/pressroom/states/vermont/vt.htm
2018,VA,147.9,14600,/nchs/pressroom/states/virginia/va.htm
2018,WA,135.4,11655,/nchs/pressroom/states/washington/wa.htm
2018,WV,196.4,5007,/nchs/pressroom/states/westvirginia/wv.htm
2018,WI,157.8,12061,/nchs/pressroom/states/wisconsin/wi.htm
2018,WY,152.7,1054,/nchs/pressroom/states/wyoming/wy.htm
2017,AL,223.2,"13,110",/nchs/pressroom/states/alabama/al.htm
2017,AK,135,814,/nchs/pressroom/states/alaska/ak.htm
2017,AZ,141.9,"12,398",/nchs/pressroom/states/arizona/az.htm
2017,AR,223.8,"8,270",/nchs/pressroom/states/arkansas/ar.htm
2017,CA,142.9,"62,797",/nchs/pressroom/states/california/ca.htm
2017,CO,122.7,"7,060",/nchs/pressroom/states/colorado/co.htm
2017,CT,141.6,"7,138",/nchs/pressroom/states/connecticut/ct.htm
2017,DE,158.4,"1,990",/nchs/pressroom/states/delaware/de.htm
2017,FL,145.8,"46,440",/nchs/pressroom/states/florida/fl.htm
2017,GA,175.8,"18,389",/nchs/pressroom/states/georgia/ga.htm
2017,HI,129.8,"2,575",/nchs/pressroom/states/hawaii/hi.htm
2017,ID,162.4,"3,084",/nchs/pressroom/states/idaho/id.htm
2017,IL,163.3,"25,394",/nchs/pressroom/states/illinois/il.htm
2017,IN,183.2,"14,445",/nchs/pressroom/states/indiana/in.htm
2017,IA,167.4,"7,180",/nchs/pressroom/states/iowa/ia.htm
2017,KS,157.9,"5,723",/nchs/pressroom/states/kansas/ks.htm
2017,KY,195.9,"10,343",/nchs/pressroom/states/kentucky/ky.htm
2017,LA,214.4,"11,260",/nchs/pressroom/states/louisiana/la.htm
2017,ME,143.5,"2,844",/nchs/pressroom/states/maine/me.htm
2017,MD,164.5,"11,653",/nchs/pressroom/states/maryland/md.htm
2017,MA,134.6,"12,140",/nchs/pressroom/states/massachusetts/ma.htm
2017,MI,196.1,"25,187",/nchs/pressroom/states/michigan/mi.htm
2017,MN,119.1,"8,230",/nchs/pressroom/states/minnesota/mn.htm
2017,MS,231.6,"7,944",/nchs/pressroom/states/mississippi/ms.htm
2017,MO,191.1,"14,820",/nchs/pressroom/states/missouri/mo.htm
2017,MT,155,"2,164",/nchs/pressroom/states/montana/mt.htm
2017,NE,149.3,"3,581",/nchs/pressroom/states/nebraska/ne.htm
2017,NV,199.3,"6,417",/nchs/pressroom/states/nevada/nv.htm
2017,NH,149.7,"2,721",/nchs/pressroom/states/newhampshire/nh.htm
2017,NJ,162.3,"18,840",/nchs/pressroom/states/newjersey/nj.htm
2017,NM,151.4,"3,896",/nchs/pressroom/states/newmexico/nm.htm
2017,NY,171.2,"44,092",/nchs/pressroom/states/newyork/ny.htm
2017,NC,156.5,"18,808",/nchs/pressroom/states/northcarolina/nc.htm
2017,ND,137.8,"1,326",/nchs/pressroom/states/northdakota/nd.htm
2017,OH,186.2,"28,008",/nchs/pressroom/states/ohio/oh.htm
2017,OK,237.2,"10,772",/nchs/pressroom/states/oklahoma/ok.htm
2017,OR,134,"6,942",/nchs/pressroom/states/oregon/or.htm
2017,PA,176,"32,312",/nchs/pressroom/states/pennsylvania/pa.htm
2017,RI,155.7,"2,339",/nchs/pressroom/states/rhodeisland/ri.htm
2017,SC,172,"10,418",/nchs/pressroom/states/southcarolina/sc.htm
2017,SD,150.1,"1,710",/nchs/pressroom/states/southdakota/sd.htm
2017,TN,202.2,"16,019",/nchs/pressroom/states/tennessee/tn.htm
2017,TX,169.2,"45,346",/nchs/pressroom/states/texas/tx.htm
2017,UT,150.2,"3,749",/nchs/pressroom/states/utah/ut.htm
2017,VT,152.5,"1,332",/nchs/pressroom/states/vermont/vt.htm
2017,VA,154.5,"14,861",/nchs/pressroom/states/virginia/va.htm
2017,WA,138.8,"11,582",/nchs/pressroom/states/washington/wa.htm
2017,WV,192,"4,849",/nchs/pressroom/states/westvirginia/wv.htm
2017,WI,157.6,"11,860",/nchs/pressroom/states/wisconsin/wi.htm
2017,WY,148.9,"1,001",/nchs/pressroom/states/wyoming/wy.htm
2016,AL,222.5,"12,832",/nchs/pressroom/states/alabama/al.htm
2016,AK,141,831,/nchs/pressroom/states/alaska/ak.htm
2016,AZ,138.9,"11,957",/nchs/pressroom/states/arizona/az.htm
2016,AR,223.7,"8,090",/nchs/pressroom/states/arkansas/ar.htm
2016,CA,143.1,"61,573",/nchs/pressroom/states/california/ca.htm
2016,CO,129.8,"7,277",/nchs/pressroom/states/colorado/co.htm
2016,CT,144.3,"7,051",/nchs/pressroom/states/connecticut/ct.htm
2016,DE,163.2,"1,974",/nchs/pressroom/states/delaware/de.htm
2016,FL,146.2,"45,659",/nchs/pressroom/states/florida/fl.htm
2016,GA,179,"18,143",/nchs/pressroom/states/georgia/ga.htm
2016,HI,127,"2,488",/nchs/pressroom/states/hawaii/hi.htm
2016,ID,160,"2,969",/nchs/pressroom/states/idaho/id.htm
2016,IL,165.7,"25,013",/nchs/pressroom/states/illinois/il.htm
2016,IN,180.6,"13,952",/nchs/pressroom/states/indiana/in.htm
2016,IA,162.8,"6,937",/nchs/pressroom/states/iowa/ia.htm
2016,KS,159.2,"5,672",/nchs/pressroom/states/kansas/ks.htm
2016,KY,203,"10,519",/nchs/pressroom/states/kentucky/ky.htm
2016,LA,213.1,"10,943",/nchs/pressroom/states/louisiana/la.htm
2016,ME,149.5,"2,907",/nchs/pressroom/states/maine/me.htm
2016,MD,164.3,"11,390",/nchs/pressroom/states/maryland/md.htm
2016,MA,134.8,"11,921",/nchs/pressroom/states/massachusetts/ma.htm
2016,MI,200.6,"25,304",/nchs/pressroom/states/michigan/mi.htm
2016,MN,114.9,"7,825",/nchs/pressroom/states/minnesota/mn.htm
2016,MS,233.1,"7,865",/nchs/pressroom/states/mississippi/ms.htm
2016,MO,192.1,"14,579",/nchs/pressroom/states/missouri/mo.htm
2016,MT,154.4,"2,138",/nchs/pressroom/states/montana/mt.htm
2016,NE,140.3,"3,322",/nchs/pressroom/states/nebraska/ne.htm
2016,NV,205.9,"6,457",/nchs/pressroom/states/nevada/nv.htm
2016,NH,151.1,"2,631",/nchs/pressroom/states/newhampshire/nh.htm
2016,NJ,164.7,"18,597",/nchs/pressroom/states/newjersey/nj.htm
2016,NM,150.6,"3,800",/nchs/pressroom/states/newmexico/nm.htm
2016,NY,177.8,"44,076",/nchs/pressroom/states/newyork/ny.htm
2016,NC,155.8,"18,266",/nchs/pressroom/states/northcarolina/nc.htm
2016,ND,140.9,"1,338",/nchs/pressroom/states/northdakota/nd.htm
2016,OH,185.1,"27,410",/nchs/pressroom/states/ohio/oh.htm
2016,OK,228.2,"10,209",/nchs/pressroom/states/oklahoma/ok.htm
2016,OR,135,"6,968",/nchs/pressroom/states/oregon/or.htm
2016,PA,176.2,"31,990",/nchs/pressroom/states/pennsylvania/pa.htm
2016,RI,152.4,"2,256",/nchs/pressroom/states/rhodeisland/ri.htm
2016,SC,173.8,"10,195",/nchs/pressroom/states/southcarolina/sc.htm
2016,SD,153.4,"1,729",/nchs/pressroom/states/southdakota/sd.htm
2016,TN,198.8,"15,429",/nchs/pressroom/states/tennessee/tn.htm
2016,TX,167.7,"43,772",/nchs/pressroom/states/texas/tx.htm
2016,UT,150,"3,636",/nchs/pressroom/states/utah/ut.htm
2016,VT,158.8,"1,366",/nchs/pressroom/states/vermont/vt.htm
2016,VA,150.7,"14,124",/nchs/pressroom/states/virginia/va.htm
2016,WA,136.1,"11,161",/nchs/pressroom/states/washington/wa.htm
2016,WV,191,"4,767",/nchs/pressroom/states/westvirginia/wv.htm
2016,WI,154.9,"11,526",/nchs/pressroom/states/wisconsin/wi.htm
2016,WY,157.8,"1,051",/nchs/pressroom/states/wyoming/wy.htm
2015,AL,229.7,"12,981",/nchs/pressroom/states/alabama/al.htm
2015,AK,154.1,846,/nchs/pressroom/states/alaska/ak.htm
2015,AZ,138.8,"11,458",/nchs/pressroom/states/arizona/az.htm
2015,AR,223.2,"7,938",/nchs/pressroom/states/arkansas/ar.htm
2015,CA,145.6,"61,289",/nchs/pressroom/states/california/ca.htm
2015,CO,128.4,"7,009",/nchs/pressroom/states/colorado/co.htm
2015,CT,147.8,"7,205",/nchs/pressroom/states/connecticut/ct.htm
2015,DE,165.2,"1,940",/nchs/pressroom/states/delaware/de.htm
2015,FL,149.8,"45,441",/nchs/pressroom/states/florida/fl.htm
2015,GA,180.2,"17,769",/nchs/pressroom/states/georgia/ga.htm
2015,HI,135.6,"2,605",/nchs/pressroom/states/hawaii/hi.htm
2015,ID,156.4,"2,825",/nchs/pressroom/states/idaho/id.htm
2015,IL,171.5,"25,652",/nchs/pressroom/states/illinois/il.htm
2015,IN,182.3,"13,948",/nchs/pressroom/states/indiana/in.htm
2015,IA,160.9,"6,813",/nchs/pressroom/states/iowa/ia.htm
2015,KS,158.5,"5,624",/nchs/pressroom/states/kansas/ks.htm
2015,KY,197.8,"10,077",/nchs/pressroom/states/kentucky/ky.htm
2015,LA,212.1,"10,665",/nchs/pressroom/states/louisiana/la.htm
2015,ME,157.3,"3,009",/nchs/pressroom/states/maine/me.htm
2015,MD,169.3,"11,481",/nchs/pressroom/states/maryland/md.htm
2015,MA,138.5,"12,130",/nchs/pressroom/states/massachusetts/ma.htm
2015,MI,198.9,"24,794",/nchs/pressroom/states/michigan/mi.htm
2015,MN,116.6,"7,844",/nchs/pressroom/states/minnesota/mn.htm
2015,MS,240.5,"7,969",/nchs/pressroom/states/mississippi/ms.htm
2015,MO,197.9,"14,808",/nchs/pressroom/states/missouri/mo.htm
2015,MT,155.8,"2,104",/nchs/pressroom/states/montana/mt.htm
2015,NE,154.5,"3,591",/nchs/pressroom/states/nebraska/ne.htm
2015,NV,200.9,"6,114",/nchs/pressroom/states/nevada/nv.htm
2015,NH,149,"2,571",/nchs/pressroom/states/newhampshire/nh.htm
2015,NJ,166.7,"18,647",/nchs/pressroom/states/newjersey/nj.htm
2015,NM,142.4,"3,508",/nchs/pressroom/states/newmexico/nm.htm
2015,NY,181.6,"44,450",/nchs/pressroom/states/newyork/ny.htm
2015,NC,162.4,"18,474",/nchs/pressroom/states/northcarolina/nc.htm
2015,ND,142.4,"1,323",/nchs/pressroom/states/northdakota/nd.htm
2015,OH,191.7,"28,069",/nchs/pressroom/states/ohio/oh.htm
2015,OK,234,"10,310",/nchs/pressroom/states/oklahoma/ok.htm
2015,OR,136.1,"6,859",/nchs/pressroom/states/oregon/or.htm
2015,PA,177.8,"32,042",/nchs/pressroom/states/pennsylvania/pa.htm
2015,RI,160.4,"2,371",/nchs/pressroom/states/rhodeisland/ri.htm
2015,SC,177.8,"10,092",/nchs/pressroom/states/southcarolina/sc.htm
2015,SD,150.9,"1,711",/nchs/pressroom/states/southdakota/sd.htm
2015,TN,207.3,"15,730",/nchs/pressroom/states/tennessee/tn.htm
2015,TX,171.6,"43,298",/nchs/pressroom/states/texas/tx.htm
2015,UT,152.9,"3,598",/nchs/pressroom/states/utah/ut.htm
2015,VT,152.5,"1,311",/nchs/pressroom/states/vermont/vt.htm
2015,VA,154.2,"14,077",/nchs/pressroom/states/virginia/va.htm
2015,WA,137.6,"11,025",/nchs/pressroom/states/washington/wa.htm
2015,WV,191.3,"4,727",/nchs/pressroom/states/westvirginia/wv.htm
2015,WI,156,"11,473",/nchs/pressroom/states/wisconsin/wi.htm
2015,WY,159.4,"1,030",/nchs/pressroom/states/wyoming/wy.htm
2014,AL,224,"12,461",/nchs/pressroom/states/alabama/al.htm
2014,AK,146.6,782,/nchs/pressroom/states/alaska/ak.htm
2014,AZ,136.4,"10,805",/nchs/pressroom/states/arizona/az.htm
2014,AR,217.5,"7,581",/nchs/pressroom/states/arkansas/ar.htm
2014,CA,142.2,"58,189",/nchs/pressroom/states/california/ca.htm
2014,CO,130.3,"6,900",/nchs/pressroom/states/colorado/co.htm
2014,CT,145.6,"7,018",/nchs/pressroom/states/connecticut/ct.htm
2014,DE,168.7,"1,921",/nchs/pressroom/states/delaware/de.htm
2014,FL,151.3,"44,511",/nchs/pressroom/states/florida/fl.htm
2014,GA,179.7,"17,107",/nchs/pressroom/states/georgia/ga.htm
2014,HI,136.7,"2,528",/nchs/pressroom/states/hawaii/hi.htm
2014,ID,152.8,"2,676",/nchs/pressroom/states/idaho/id.htm
2014,IL,169.7,"25,024",/nchs/pressroom/states/illinois/il.htm
2014,IN,182.7,"13,764",/nchs/pressroom/states/indiana/in.htm
2014,IA,157.3,"6,615",/nchs/pressroom/states/iowa/ia.htm
2014,KS,157.4,"5,479",/nchs/pressroom/states/kansas/ks.htm
2014,KY,200.5,"10,013",/nchs/pressroom/states/kentucky/ky.htm
2014,LA,216.3,"10,647",/nchs/pressroom/states/louisiana/la.htm
2014,ME,147.9,"2,776",/nchs/pressroom/states/maine/me.htm
2014,MD,167.8,"11,135",/nchs/pressroom/states/maryland/md.htm
2014,MA,137.1,"11,817",/nchs/pressroom/states/massachusetts/ma.htm
2014,MI,200.9,"24,692",/nchs/pressroom/states/michigan/mi.htm
2014,MN,116.5,"7,659",/nchs/pressroom/states/minnesota/mn.htm
2014,MS,229.9,"7,538",/nchs/pressroom/states/mississippi/ms.htm
2014,MO,194.7,"14,338",/nchs/pressroom/states/missouri/mo.htm
2014,MT,147.8,"1,957",/nchs/pressroom/states/montana/mt.htm
2014,NE,143,"3,296",/nchs/pressroom/states/nebraska/ne.htm
2014,NV,197.2,"5,761",/nchs/pressroom/states/nevada/nv.htm
2014,NH,147.9,"2,464",/nchs/pressroom/states/newhampshire/nh.htm
2014,NJ,166.3,"18,319",/nchs/pressroom/states/newjersey/nj.htm
2014,NM,143.3,"3,424",/nchs/pressroom/states/newmexico/nm.htm
2014,NY,178.3,"43,116",/nchs/pressroom/states/newyork/ny.htm
2014,NC,158.7,"17,592",/nchs/pressroom/states/northcarolina/nc.htm
2014,ND,149.2,"1,381",/nchs/pressroom/states/northdakota/nd.htm
2014,OH,186.4,"27,000",/nchs/pressroom/states/ohio/oh.htm
2014,OK,228.1,"9,868",/nchs/pressroom/states/oklahoma/ok.htm
2014,OR,132.1,"6,524",/nchs/pressroom/states/oregon/or.htm
2014,PA,175.8,"31,353",/nchs/pressroom/states/pennsylvania/pa.htm
2014,RI,160.8,"2,341",/nchs/pressroom/states/rhodeisland/ri.htm
2014,SC,181.1,"9,964",/nchs/pressroom/states/southcarolina/sc.htm
2014,SD,154.6,"1,704",/nchs/pressroom/states/southdakota/sd.htm
2014,TN,205.6,"15,223",/nchs/pressroom/states/tennessee/tn.htm
2014,TX,169.9,"41,479",/nchs/pressroom/states/texas/tx.htm
2014,UT,151,"3,431",/nchs/pressroom/states/utah/ut.htm
2014,VT,156.6,"1,311",/nchs/pressroom/states/vermont/vt.htm
2014,VA,156.1,"13,874",/nchs/pressroom/states/virginia/va.htm
2014,WA,137.2,"10,710",/nchs/pressroom/states/washington/wa.htm
2014,WV,192.9,"4,692",/nchs/pressroom/states/westvirginia/wv.htm
2014,WI,155.1,"11,229",/nchs/pressroom/states/wisconsin/wi.htm
2014,WY,162.2,"1,035",/nchs/pressroom/states/wyoming/wy.htm
2005,AL,274.5,12869,/nchs/pressroom/states/alabama/al.htm
2005,AK,166.1,627,/nchs/pressroom/states/alaska/ak.htm
2005,AZ,189.8,10966,/nchs/pressroom/states/arizona/az.htm
2005,AR,250.3,7575,/nchs/pressroom/states/arkansas/ar.htm
2005,CA,203,64916,/nchs/pressroom/states/california/ca.htm
2005,CO,164.8,6307,/nchs/pressroom/states/colorado/co.htm
2005,CT,180.7,7650,/nchs/pressroom/states/connecticut/ct.htm
2005,DE,232.3,2031,/nchs/pressroom/states/delaware/de.htm
2005,FL,200,46279,/nchs/pressroom/states/florida/fl.htm
2005,GA,236,16781,/nchs/pressroom/states/georgia/ga.htm
2005,HI,160.9,2319,/nchs/pressroom/states/hawaii/hi.htm
2005,ID,182.6,2450,/nchs/pressroom/states/idaho/id.htm
2005,IL,220.7,28226,/nchs/pressroom/states/illinois/il.htm
2005,IN,227.9,14542,/nchs/pressroom/states/indiana/in.htm
2005,IA,196.6,7437,/nchs/pressroom/states/iowa/ia.htm
2005,KS,192.6,5960,/nchs/pressroom/states/kansas/ks.htm
2005,KY,257.3,10782,/nchs/pressroom/states/kentucky/ky.htm
2005,LA,256.9,11008,/nchs/pressroom/states/louisiana/la.htm
2005,ME,186.5,2941,/nchs/pressroom/states/maine/me.htm
2005,MD,217.9,11594,/nchs/pressroom/states/maryland/md.htm
2005,MA,179,13280,/nchs/pressroom/states/massachusetts/ma.htm
2005,MI,241.3,25128,/nchs/pressroom/states/michigan/mi.htm
2005,MN,145.4,7926,/nchs/pressroom/states/minnesota/mn.htm
2005,MS,306.4,8637,/nchs/pressroom/states/mississippi/ms.htm
2005,MO,236.7,14974,/nchs/pressroom/states/missouri/mo.htm
2005,MT,172.2,1855,/nchs/pressroom/states/montana/mt.htm
2005,NE,179.4,3640,/nchs/pressroom/states/nebraska/ne.htm
2005,NV,246.7,5094,/nchs/pressroom/states/nevada/nv.htm
2005,NH,189.8,2530,/nchs/pressroom/states/newhampshire/nh.htm
2005,NJ,219.1,20655,/nchs/pressroom/states/newjersey/nj.htm
2005,NM,186.3,3435,/nchs/pressroom/states/newmexico/nm.htm
2005,NY,248.3,51985,/nchs/pressroom/states/newyork/ny.htm
2005,NC,211.6,17765,/nchs/pressroom/states/northcarolina/nc.htm
2005,ND,181.2,1512,/nchs/pressroom/states/northdakota/nd.htm
2005,OH,231.9,29003,/nchs/pressroom/states/ohio/oh.htm
2005,OK,272.4,10043,/nchs/pressroom/states/oklahoma/ok.htm
2005,OR,169.6,6791,/nchs/pressroom/states/oregon/or.htm
2005,PA,229.3,36207,/nchs/pressroom/states/pennsylvania/pa.htm
2005,RI,226.8,3005,/nchs/pressroom/states/rhodeisland/ri.htm
2005,SC,223.9,9359,/nchs/pressroom/states/southcarolina/sc.htm
2005,SD,186.3,1776,/nchs/pressroom/states/southdakota/sd.htm
2005,TN,251.2,14946,/nchs/pressroom/states/tennessee/tn.htm
2005,TX,220.4,40152,/nchs/pressroom/states/texas/tx.htm
2005,UT,167.9,2872,/nchs/pressroom/states/utah/ut.htm
2005,VT,180.5,1234,/nchs/pressroom/states/vermont/vt.htm
2005,VA,203,14192,/nchs/pressroom/states/virginia/va.htm
2005,WA,180.5,10985,/nchs/pressroom/states/washington/wa.htm
2005,WV,253.6,5538,/nchs/pressroom/states/westvirginia/wv.htm
2005,WI,190.6,11842,/nchs/pressroom/states/wisconsin/wi.htm
2005,WY,188.3,952,/nchs/pressroom/states/wyoming/wy.htm
